Specimen,Mean grain size (μm),Yield strength (MPa),Ultimate tensile strength (MPa),Elongation at fracture (%),Electrical conductivity (MS/m)
S001,26,280,434,22,26.3
S002,38.6,259.8,405.4,20.7,27.3
S003,19.4,292.4,447.7,16.3,27.6
S004,36.1,267.9,422.7,24.7,26.6
S005,46,240.2,382.7,23.6,26.1
S006,20,286.6,451.9,18.1,28.4
S007,20.8,282.4,433.4,18.5,23.9
S008,40.5,251.5,401,22.4,27.1
S009,47,232.6,385.9,23.3,27.4
S010,44.6,240,379.1,24,27
S011,67.4,189.1,347.4,28.5,28.5
S012,36.1,259.5,413.6,19.7,28.3
S013,66.5,210.5,366.7,30.7,27.2
S014,52.9,226.7,373.5,27.3,28.1
S015,58.7,219,380.2,27.1,27.9
S016,24.4,284,431,18.4,25.7
S017,31.4,259,415.5,21.3,26
S018,21.8,274.9,440.6,18.1,28
S019,24.5,275.1,423.9,20.1,27.2
S020,52.3,220.4,386.1,24.8,27.8
S021,40,240.4,402.5,22.3,27.5
S022,44.2,226.1,382.1,24.1,28.3
S023,26.2,277.6,433.7,19.3,27
S024,44.8,247.8,383.6,26.2,26
S025,25.1,275,419.8,19.7,24.5
S026,51.2,229,374.3,26.2,26.8
S027,39.8,245.2,390.3,24.9,25.9
S028,54.1,228.4,383.2,27.1,26.1
S029,67.3,197.2,345.7,28.9,29.3
S030,39.1,237.6,390.5,22.2,27.3
S031,45.6,248,388.2,25.7,26.6
S032,17.3,297.6,441.7,19.5,24.6
S033,63.4,198.1,350.9,29.4,28.2
S034,55.5,215.3,374.1,27.3,28.5
S035,65.9,203.2,359.2,29.9,27.5
S036,22.3,294.8,448.9,19.2,25.2
S037,67.4,205.2,350,30.5,28.5
S038,48.6,234.8,373.3,26.2,26.2
S039,18.2,290.8,438.5,19.2,24.7
S040,53.6,209.1,361.5,24.3,29.8
S041,46.8,246.1,393.7,25.3,26.9
S042,69,206.8,356.4,30.1,28.8
S043,52.7,227.8,395.4,23.9,28.5
S044,60.1,198.6,359.3,26.9,29.2
S045,44.8,255.6,414.1,23.9,27.2
S046,69.7,192.9,342.8,29.5,27.1
S047,67.7,206.6,362.2,28.9,28
S048,15.8,295.1,448.2,17.8,27.2
S049,26,282.9,427.6,22.2,24.9
S050,11.9,314.3,467.8,18.5,25.7
S051,56.1,222.7,368.2,26.9,27.3
S052,21.2,279.6,437.9,19.1,27.8
S053,47.6,247.3,397.9,26.2,26.5
S054,50,229.1,373.4,26.5,26.4
S055,26.1,263.9,421,19.9,26
S056,16.9,287.2,445.5,18.3,26.4
S057,22.2,287.9,450.5,17,27
S058,40.2,239.7,394.4,22,29
S059,63.5,193.8,349.8,27.8,28.1
S060,59.6,212.4,361.7,29,26.8
S061,49.4,239.7,387.8,25.4,26.8
S062,36.4,249.4,397.1,22.3,27.9
S063,30.9,245.6,415.7,20,28.1
S064,54.8,233.9,388,26,26.7
S065,41.3,248.3,401.4,22.2,26.5
S066,23.5,265.9,436,18.7,27.6
S067,40.7,253.8,418.2,23.3,28.6
S068,49.4,236.7,389.5,25.1,28.2
S069,65.2,200,354.1,27.3,30.1
S070,21.5,280.7,435.4,18.4,26.1
S071,53.5,228.1,372.6,26.5,26.9
S072,36.7,268.4,411.1,22.1,25.9
S073,64.3,207.6,358.6,28,29.1
S074,39.5,245.7,406.8,21.6,27.6
S075,25.2,294.2,444.1,20,25.1
S076,34.5,271.9,422.7,23.8,26
S077,41,256.8,412.1,22.7,26.2
S078,33.9,253.4,405.4,22.7,25.7
S079,45.9,239.7,386.2,23.8,26.7
S080,67.5,187.8,340.8,27.9,29.3
S081,30.1,264.1,424.2,21.1,26
S082,53.6,221.2,373.7,25.5,27.5
S083,43.3,244.4,404.4,23.1,27.9
S084,36.5,270.3,412,22.7,25.3
S085,54.6,202.3,369.5,25.2,30.1
S086,37.3,265.3,418,21.8,25.5
S087,57.2,209,369.9,25.5,30.7
S088,15.9,283.1,439.9,16,27.7
S089,53.3,216.9,373.8,24.7,28.6
S090,65.4,194.7,354,29.3,27.8
S091,37.3,246.5,406.9,22.3,26.6
S092,22.1,286,427,18.9,24.7
S093,32.3,272.7,429.3,22.2,26.9
S094,64.5,197.3,353.5,27.3,29.2
S095,35,260,409.9,21.2,26.6
S096,56.9,218,372.4,26.4,26.5
S097,37.2,260.5,412.7,23,26.3
S098,42,244,405,24.1,27.3
S099,44.6,241.9,405,23.5,28.7
S100,17.5,282,452.5,18.5,27.9
S101,61.9,219.1,360.5,27.7,28.4
S102,30.3,264,420.1,20.4,27.8
S103,30.6,267,418.1,21.2,25.4
S104,33.6,270.5,437.2,21.6,27.6
S105,11.8,313.8,463.5,18.4,25.1
S106,40.9,242.7,405.4,22.9,28.4
S107,52.8,241.6,394.5,25,27
S108,47.6,237.9,391.4,25.4,28.2
S109,53.6,234.1,383.1,28.2,25.6
S110,55.7,218.8,374.1,27.5,27.1
S111,13.4,288.6,459.3,15.6,27.8
S112,52.3,212,366.4,26.3,27.7
S113,14.4,301.8,444.1,19.9,24.4
S114,15.2,301.5,446.3,18.1,23.9
S115,53.2,222.3,372.2,24.9,27.3
S116,56.2,231.9,391,25.4,26.6
S117,32.9,270.4,420.7,21.3,25.5
S118,64.7,208.1,377.6,26.3,28.9
S119,22.2,263.6,420,17.7,28.4
S120,51.7,230.1,375.9,26.7,27
S121,17.9,298.5,464.7,17.1,26
S122,22.6,282,441.5,16.9,28.2
S123,13.4,297.8,448.1,15.9,26.3
S124,59.6,193.7,346.1,28.4,29.5
S125,63.7,205.5,358.7,28.3,28.1
S126,10.6,302.1,459,17.9,24.3
S127,26.3,275.4,441.9,20.2,27.9
S128,20.4,269.5,441.2,17.6,27.6
S129,69.4,194.1,366.2,27.9,30.5
S130,64.2,190,344.7,28.5,29.7
S131,14.9,281,445.6,16.4,27.1
S132,38.3,258.1,411.9,22.8,27.5
S133,56.8,219.1,391.3,26.2,30.1
S134,16.9,299,455.8,19.4,26.8
S135,68.6,212.8,369.4,28.2,28.2
S136,58,202.6,370,26.4,30
S137,46.2,228.5,382.4,23.1,28.9
S138,55.7,223.1,388.8,27,29.1
S139,48.2,234.3,388.2,24.8,25.7
S140,18.9,275.9,440.6,18.4,27.2
S141,25.4,287,443,21.6,25.5
S142,39.3,231.2,405.9,19.3,29.8
S143,23.5,294.8,439.6,21,25.9
S144,12.5,272.4,434.6,16.2,27.6
S145,46.7,230.9,386.1,25.1,28.2
S146,36.8,247.3,402.2,21.8,28.1
S147,29.6,248.8,410.9,20.4,28.8
S148,70,193.3,353.8,28.4,30
S149,23.1,294.8,447.3,20,24.7
S150,46.7,221.9,376.4,23.8,29.1
S151,56,198.8,351.5,24.9,29.6
S152,45.5,238.9,375.9,24.8,25.6
S153,66.4,200.5,373.4,26.7,30.3
S154,59.2,205,362.4,27.3,28.7
S155,28.9,273,420.6,22.3,26.9
S156,35.7,256.3,409.1,22.9,25.3
S157,65.9,204.5,356.5,29,28.3
S158,37.6,240.5,400.8,22.2,28
S159,40.5,250,415.6,22.2,29.1
S160,53.5,233.1,382.4,27.5,25.9
S161,60.8,202.6,361.5,28.7,29.1
S162,37,248.8,405,22.8,27.2
S163,68.1,201,371.4,27.8,30.3
S164,63.5,212.2,368.6,30.4,28.1
S165,66.2,197.1,363.5,29.1,29.4
S166,16.5,286.7,449.7,16.3,26.2
S167,42.8,243.5,392.9,23.7,25.1
S168,17.1,279.6,444.5,16.2,27.2
S169,47,232.1,390.6,24.5,29.6
S170,16.4,293.3,436.5,17.2,25
S171,18.8,283.8,442.9,16.7,27.4
S172,42.1,245.4,392.3,24.6,26.7
S173,70.2,198.3,345.6,28.8,27.7
S174,20.4,270.5,426.9,18,28.4
S175,67.7,177.7,342,27.1,30.8
S176,38.5,260.7,398.8,24.1,26.6
S177,65.2,210.3,357.5,27.8,27.3
S178,60,213.2,361.7,29.5,27.3
S179,49.2,230.1,383.1,24.8,29.6
S180,41.4,242.7,405.7,25.2,27.1
S181,48.8,229.4,390.3,22.8,29.3
S182,37.7,243.5,403.3,21.7,27.7
S183,44.7,230.4,388.1,21,29.8
S184,50.7,239.9,378.7,27.9,26.9
S185,65.8,215.2,359.2,29,27.4
S186,40.5,240.2,397.2,20.3,29
S187,41.6,242.7,386.1,22,27
S188,27.8,277.2,435.3,18.8,27.3
S189,16.1,299.7,460.6,15.9,26
S190,10.2,292.6,461.3,15.1,27.8
S191,69.4,203,356.1,29.5,29.7
S192,16.4,282.5,429.6,18,27
S193,31.2,271.2,414.3,23.8,25.3
S194,51,227.2,399.9,24.9,29
S195,69,177.9,349.4,29.5,30.1
S196,36.3,246.8,405.4,23.3,25.4
S197,18.7,294.4,452.6,16.6,26.9
S198,18.2,295,447.2,20.6,25.9
S199,49.7,225.8,383,25,26.6
S200,20,294.7,450.7,17.8,26
S201,16.9,287.9,450.5,18.2,26.2
S202,37.1,248.9,399.1,22.2,28.3
S203,60.7,200.7,365.1,27.4,28.5
S204,48.4,230.5,380.5,25.1,27.4
S205,42.7,252,400.2,25.8,26.1
S206,32.6,250.3,409.1,19.4,28.9
S207,48.6,224,388.5,23,29.2
S208,18.2,283.4,444.1,18.2,27.1
S209,29,272.6,443.6,19.4,29.1
S210,26.4,269.5,423.3,18.4,26.9
S211,53.3,206.7,354.8,25.1,27.9
S212,35.5,248,398.4,21.5,27.5
S213,28.1,268.1,425.1,23.1,26.2
S214,69.5,192.6,341.8,30.2,27.8
S215,25,268.8,427.7,19.8,26.5
S216,20,271.7,428.1,17.3,27.4
S217,57.9,211.9,382.6,26.4,30
S218,13.5,301.5,465.6,16,26.7
S219,10,294.4,452.6,17.5,26.2
S220,15,274.1,445.7,16.8,27.3
S221,44.1,244.4,387,24.9,26.3
S222,34.8,232.3,388.8,20.8,29.9
S223,56.1,215.9,369.3,26.8,29.6
S224,60.9,198.4,360.6,27,28.6
S225,51,243.1,382.7,27,26
S226,16.7,270.7,423.5,16.4,27.1
S227,27.3,285.6,433.8,20.5,26.2
S228,47.9,222.1,369.6,23.5,27.7
S229,34,254.9,411,19.6,28.3
S230,59.1,216.4,370.7,27.5,27.4
S231,58.3,222.7,369.9,26.9,27.1
S232,11.4,282.8,457.2,14.9,27.9
S233,68.9,198.2,367.9,28.7,29.8
S234,25.5,285,428.2,22.2,24.3
S235,56.9,216.6,371.6,27.1,26.5
S236,32.8,271.8,421.9,22.1,26.5
S237,50.1,217.5,376,24.9,29.1
S238,49.2,235.9,388,24.6,27.6
S239,57.5,230.2,370,26.3,27.3
S240,33.5,250.3,395.8,22.3,27.5
S241,64.2,216.4,360.2,29.4,26.4
S242,67.4,203.3,343.6,30.1,27.2
S243,64,207.2,369.8,28.3,29
S244,15.3,290.6,443.8,17.2,25.9
S245,30,269.5,425.8,21.9,25.3
S246,18,283.6,441.7,17.9,25.9
S247,34.3,256.9,400,20.8,26
S248,44.2,244.8,396.8,23.6,27.9
S249,45.3,232.7,381.6,22.8,27.1
S250,56.8,201.7,368.4,26,29.7
S251,17.4,278.8,440.9,17,28
S252,34.2,261.4,424.4,20.8,28.6
S253,68.8,189.1,342.9,27.4,31.1
S254,35.7,249.4,399,24.7,25.3
S255,34.2,255.2,406.1,21.8,28.5
S256,26.7,260.3,408.9,19.5,27.6
S257,31.6,249,416.8,18.9,29.4
S258,58.2,212.4,379.9,27.9,28.3
S259,43.6,244.3,394.5,23.3,27.8
S260,41.1,249.5,406.9,22.4,27
S261,22.5,290.5,433.7,19.9,25.4
S262,59.5,224.2,375,27.7,28.2
S263,14.4,282,448,15.8,28.2
S264,28,276.9,427.7,21.3,26.2
S265,51,225.9,393.7,23.9,29.1
S266,59.3,201.4,362.8,27.7,30.2
S267,49,220.2,385.8,22.6,29.8
S268,48.1,242.1,393,26.5,27
S269,62.3,185.7,337.9,26.8,30
S270,23.3,266.3,424.7,19.7,27.4
S271,20.4,278.4,442.5,19.5,26.2
S272,21.6,267.8,432.7,17.5,27.1
S273,39.2,247.9,395,22.3,27.2
S274,23.9,267.4,427.3,19.8,27.3
S275,20.2,292.2,433,20.3,24.3
S276,57.6,219,368.1,27.7,27.4
S277,12.3,284.2,433.4,18.3,25.6
S278,72.6,189.5,343.9,28.4,30.2
S279,28.9,276.3,432.9,22.9,25.4
S280,55.6,219.7,364.4,28.2,28.4
S281,31.3,254.5,413.2,21.8,27.8
S282,64.9,191.2,345.4,26.2,30.2
S283,25.8,259.8,413.8,19.3,27.8
S284,64.2,201.6,351,29.3,29.1
S285,33.3,244,409.7,21.9,28.6
S286,50.7,227.3,393.5,23.3,28.5
S287,46.1,239.3,388.5,23.6,27.5
S288,45,250.9,407.8,24.4,27.2
S289,56.9,217.9,389.3,24.4,30.5
S290,49.5,230.2,399.4,22.9,29.1
S291,61.1,214,370.8,28.6,27.1
S292,60.5,196,365.2,26.6,30
S293,45.2,241.7,398.5,22.1,29.1
S294,40.1,246.2,401.5,22.9,27.2
S295,38.6,262.2,421.6,24,26.5
S296,51.9,224,376.6,24.7,27.2
S297,49.9,228.9,378,26.3,26
S298,67.9,175.7,340.6,28.5,30.1
S299,39.5,239.4,399.4,20.8,29.5
S300,30.7,261.1,403.4,21.9,24.7
